Query_Case,Query_Class,Rank,Retrieved_Case,Retrieved_Class,Distance,Match
TCGA-39-5016-01Z-00-DX1.b568cdcd-f8bf-4917-ae40-dbd505c36d1e,LUSC,1,TCGA-39-5029-01Z-00-DX1.74c5cb38-650e-4fe7-bc63-f6e88761346d,LUSC,143.02,✓
TCGA-39-5016-01Z-00-DX1.b568cdcd-f8bf-4917-ae40-dbd505c36d1e,LUSC,2,TCGA-39-5035-01Z-00-DX1.ad5d9143-f194-4cef-9a13-03190cf97ccf,LUSC,183.67,✓
TCGA-39-5016-01Z-00-DX1.b568cdcd-f8bf-4917-ae40-dbd505c36d1e,LUSC,3,TCGA-39-5039-01Z-00-DX1.29f1281d-93d7-4499-bfce-19eeeb1870a4,LUSC,184.96,✓
TCGA-39-5016-01Z-00-DX1.b568cdcd-f8bf-4917-ae40-dbd505c36d1e,LUSC,4,TCGA-39-5034-01Z-00-DX1.fb4191aa-07dc-4615-ac71-b9e4c67ed28b,LUSC,197.04,✓
TCGA-39-5016-01Z-00-DX1.b568cdcd-f8bf-4917-ae40-dbd505c36d1e,LUSC,5,TCGA-39-5019-01Z-00-DX1.FE0485DE-AEB3-443F-AFCA-C186C336F7EC,LUSC,234.00,✓
TCGA-39-5019-01Z-00-DX1.FE0485DE-AEB3-443F-AFCA-C186C336F7EC,LUSC,1,TCGA-55-A491-01Z-00-DX1.E5F3B4E5-18EA-4067-AE28-119DABCE739A,LUAD,142.49,✗
TCGA-39-5019-01Z-00-DX1.FE0485DE-AEB3-443F-AFCA-C186C336F7EC,LUSC,2,TCGA-55-6969-01Z-00-DX1.713df9f6-1a91-4e0e-ad43-42e66dcca191,LUAD,143.57,✗
TCGA-39-5019-01Z-00-DX1.FE0485DE-AEB3-443F-AFCA-C186C336F7EC,LUSC,3,TCGA-55-7283-01Z-00-DX1.0f716216-0a46-404e-a4d4-5bb6d7e3f0d1,LUAD,144.68,✗
TCGA-39-5019-01Z-00-DX1.FE0485DE-AEB3-443F-AFCA-C186C336F7EC,LUSC,4,TCGA-55-8092-01Z-00-DX1.04e44341-c4bb-4b0b-965c-7ec83f3877a6,LUAD,162.91,✗
TCGA-39-5019-01Z-00-DX1.FE0485DE-AEB3-443F-AFCA-C186C336F7EC,LUSC,5,TCGA-39-5029-01Z-00-DX1.74c5cb38-650e-4fe7-bc63-f6e88761346d,LUSC,175.00,✓
TCGA-39-5029-01Z-00-DX1.74c5cb38-650e-4fe7-bc63-f6e88761346d,LUSC,1,TCGA-39-5039-01Z-00-DX1.29f1281d-93d7-4499-bfce-19eeeb1870a4,LUSC,129.10,✓
TCGA-39-5029-01Z-00-DX1.74c5cb38-650e-4fe7-bc63-f6e88761346d,LUSC,2,TCGA-39-5016-01Z-00-DX1.b568cdcd-f8bf-4917-ae40-dbd505c36d1e,LUSC,145.02,✓
TCGA-39-5029-01Z-00-DX1.74c5cb38-650e-4fe7-bc63-f6e88761346d,LUSC,3,TCGA-39-5034-01Z-00-DX1.fb4191aa-07dc-4615-ac71-b9e4c67ed28b,LUSC,164.94,✓
TCGA-39-5029-01Z-00-DX1.74c5cb38-650e-4fe7-bc63-f6e88761346d,LUSC,4,TCGA-39-5035-01Z-00-DX1.ad5d9143-f194-4cef-9a13-03190cf97ccf,LUSC,166.42,✓
TCGA-39-5029-01Z-00-DX1.74c5cb38-650e-4fe7-bc63-f6e88761346d,LUSC,5,TCGA-39-5019-01Z-00-DX1.FE0485DE-AEB3-443F-AFCA-C186C336F7EC,LUSC,175.00,✓
TCGA-39-5034-01Z-00-DX1.fb4191aa-07dc-4615-ac71-b9e4c67ed28b,LUSC,1,TCGA-39-5029-01Z-00-DX1.74c5cb38-650e-4fe7-bc63-f6e88761346d,LUSC,163.94,✓
TCGA-39-5034-01Z-00-DX1.fb4191aa-07dc-4615-ac71-b9e4c67ed28b,LUSC,2,TCGA-39-5035-01Z-00-DX1.ad5d9143-f194-4cef-9a13-03190cf97ccf,LUSC,167.83,✓
TCGA-39-5034-01Z-00-DX1.fb4191aa-07dc-4615-ac71-b9e4c67ed28b,LUSC,3,TCGA-55-6969-01Z-00-DX1.713df9f6-1a91-4e0e-ad43-42e66dcca191,LUAD,190.77,✗
TCGA-39-5034-01Z-00-DX1.fb4191aa-07dc-4615-ac71-b9e4c67ed28b,LUSC,4,TCGA-39-5039-01Z-00-DX1.29f1281d-93d7-4499-bfce-19eeeb1870a4,LUSC,193.71,✓
TCGA-39-5034-01Z-00-DX1.fb4191aa-07dc-4615-ac71-b9e4c67ed28b,LUSC,5,TCGA-39-5016-01Z-00-DX1.b568cdcd-f8bf-4917-ae40-dbd505c36d1e,LUSC,197.04,✓
TCGA-39-5035-01Z-00-DX1.ad5d9143-f194-4cef-9a13-03190cf97ccf,LUSC,1,TCGA-39-5029-01Z-00-DX1.74c5cb38-650e-4fe7-bc63-f6e88761346d,LUSC,165.42,✓
TCGA-39-5035-01Z-00-DX1.ad5d9143-f194-4cef-9a13-03190cf97ccf,LUSC,2,TCGA-39-5034-01Z-00-DX1.fb4191aa-07dc-4615-ac71-b9e4c67ed28b,LUSC,168.83,✓
TCGA-39-5035-01Z-00-DX1.ad5d9143-f194-4cef-9a13-03190cf97ccf,LUSC,3,TCGA-39-5016-01Z-00-DX1.b568cdcd-f8bf-4917-ae40-dbd505c36d1e,LUSC,184.67,✓
TCGA-39-5035-01Z-00-DX1.ad5d9143-f194-4cef-9a13-03190cf97ccf,LUSC,4,TCGA-39-5039-01Z-00-DX1.29f1281d-93d7-4499-bfce-19eeeb1870a4,LUSC,213.30,✓
TCGA-39-5035-01Z-00-DX1.ad5d9143-f194-4cef-9a13-03190cf97ccf,LUSC,5,TCGA-55-6969-01Z-00-DX1.713df9f6-1a91-4e0e-ad43-42e66dcca191,LUAD,239.07,✗
TCGA-39-5039-01Z-00-DX1.29f1281d-93d7-4499-bfce-19eeeb1870a4,LUSC,1,TCGA-39-5029-01Z-00-DX1.74c5cb38-650e-4fe7-bc63-f6e88761346d,LUSC,129.10,✓
TCGA-39-5039-01Z-00-DX1.29f1281d-93d7-4499-bfce-19eeeb1870a4,LUSC,2,TCGA-39-5019-01Z-00-DX1.FE0485DE-AEB3-443F-AFCA-C186C336F7EC,LUSC,176.20,✓
TCGA-39-5039-01Z-00-DX1.29f1281d-93d7-4499-bfce-19eeeb1870a4,LUSC,3,TCGA-39-5016-01Z-00-DX1.b568cdcd-f8bf-4917-ae40-dbd505c36d1e,LUSC,185.96,✓
TCGA-39-5039-01Z-00-DX1.29f1281d-93d7-4499-bfce-19eeeb1870a4,LUSC,4,TCGA-39-5034-01Z-00-DX1.fb4191aa-07dc-4615-ac71-b9e4c67ed28b,LUSC,194.71,✓
TCGA-39-5039-01Z-00-DX1.29f1281d-93d7-4499-bfce-19eeeb1870a4,LUSC,5,TCGA-55-6969-01Z-00-DX1.713df9f6-1a91-4e0e-ad43-42e66dcca191,LUAD,201.52,✗
TCGA-55-1592-01Z-00-DX1.ee15e261-2f9c-4a93-a19f-27cb1c3bae15,LUAD,1,TCGA-55-A491-01Z-00-DX1.E5F3B4E5-18EA-4067-AE28-119DABCE739A,LUAD,128.29,✓
TCGA-55-1592-01Z-00-DX1.ee15e261-2f9c-4a93-a19f-27cb1c3bae15,LUAD,2,TCGA-55-8092-01Z-00-DX1.04e44341-c4bb-4b0b-965c-7ec83f3877a6,LUAD,168.12,✓
TCGA-55-1592-01Z-00-DX1.ee15e261-2f9c-4a93-a19f-27cb1c3bae15,LUAD,3,TCGA-55-6969-01Z-00-DX1.713df9f6-1a91-4e0e-ad43-42e66dcca191,LUAD,172.48,✓
TCGA-55-1592-01Z-00-DX1.ee15e261-2f9c-4a93-a19f-27cb1c3bae15,LUAD,4,TCGA-39-5019-01Z-00-DX1.FE0485DE-AEB3-443F-AFCA-C186C336F7EC,LUSC,176.24,✗
TCGA-55-1592-01Z-00-DX1.ee15e261-2f9c-4a93-a19f-27cb1c3bae15,LUAD,5,TCGA-55-7283-01Z-00-DX1.0f716216-0a46-404e-a4d4-5bb6d7e3f0d1,LUAD,191.15,✓
TCGA-55-6969-01Z-00-DX1.713df9f6-1a91-4e0e-ad43-42e66dcca191,LUAD,1,TCGA-55-8092-01Z-00-DX1.04e44341-c4bb-4b0b-965c-7ec83f3877a6,LUAD,137.18,✓
TCGA-55-6969-01Z-00-DX1.713df9f6-1a91-4e0e-ad43-42e66dcca191,LUAD,2,TCGA-39-5019-01Z-00-DX1.FE0485DE-AEB3-443F-AFCA-C186C336F7EC,LUSC,142.57,✗
TCGA-55-6969-01Z-00-DX1.713df9f6-1a91-4e0e-ad43-42e66dcca191,LUAD,3,TCGA-55-A491-01Z-00-DX1.E5F3B4E5-18EA-4067-AE28-119DABCE739A,LUAD,153.94,✓
TCGA-55-6969-01Z-00-DX1.713df9f6-1a91-4e0e-ad43-42e66dcca191,LUAD,4,TCGA-55-7283-01Z-00-DX1.0f716216-0a46-404e-a4d4-5bb6d7e3f0d1,LUAD,155.06,✓
TCGA-55-6969-01Z-00-DX1.713df9f6-1a91-4e0e-ad43-42e66dcca191,LUAD,5,TCGA-55-1592-01Z-00-DX1.ee15e261-2f9c-4a93-a19f-27cb1c3bae15,LUAD,172.48,✓
TCGA-55-7283-01Z-00-DX1.0f716216-0a46-404e-a4d4-5bb6d7e3f0d1,LUAD,1,TCGA-55-A491-01Z-00-DX1.E5F3B4E5-18EA-4067-AE28-119DABCE739A,LUAD,136.91,✓
TCGA-55-7283-01Z-00-DX1.0f716216-0a46-404e-a4d4-5bb6d7e3f0d1,LUAD,2,TCGA-39-5019-01Z-00-DX1.FE0485DE-AEB3-443F-AFCA-C186C336F7EC,LUSC,143.68,✗
TCGA-55-7283-01Z-00-DX1.0f716216-0a46-404e-a4d4-5bb6d7e3f0d1,LUAD,3,TCGA-55-6969-01Z-00-DX1.713df9f6-1a91-4e0e-ad43-42e66dcca191,LUAD,155.06,✓
TCGA-55-7283-01Z-00-DX1.0f716216-0a46-404e-a4d4-5bb6d7e3f0d1,LUAD,4,TCGA-55-8092-01Z-00-DX1.04e44341-c4bb-4b0b-965c-7ec83f3877a6,LUAD,157.62,✓
TCGA-55-7283-01Z-00-DX1.0f716216-0a46-404e-a4d4-5bb6d7e3f0d1,LUAD,5,TCGA-55-1592-01Z-00-DX1.ee15e261-2f9c-4a93-a19f-27cb1c3bae15,LUAD,191.15,✓
TCGA-55-8092-01Z-00-DX1.04e44341-c4bb-4b0b-965c-7ec83f3877a6,LUAD,1,TCGA-55-6969-01Z-00-DX1.713df9f6-1a91-4e0e-ad43-42e66dcca191,LUAD,138.18,✓
TCGA-55-8092-01Z-00-DX1.04e44341-c4bb-4b0b-965c-7ec83f3877a6,LUAD,2,TCGA-55-A491-01Z-00-DX1.E5F3B4E5-18EA-4067-AE28-119DABCE739A,LUAD,139.83,✓
TCGA-55-8092-01Z-00-DX1.04e44341-c4bb-4b0b-965c-7ec83f3877a6,LUAD,3,TCGA-55-7283-01Z-00-DX1.0f716216-0a46-404e-a4d4-5bb6d7e3f0d1,LUAD,156.62,✓
TCGA-55-8092-01Z-00-DX1.04e44341-c4bb-4b0b-965c-7ec83f3877a6,LUAD,4,TCGA-39-5019-01Z-00-DX1.FE0485DE-AEB3-443F-AFCA-C186C336F7EC,LUSC,162.91,✗
TCGA-55-8092-01Z-00-DX1.04e44341-c4bb-4b0b-965c-7ec83f3877a6,LUAD,5,TCGA-55-1592-01Z-00-DX1.ee15e261-2f9c-4a93-a19f-27cb1c3bae15,LUAD,169.12,✓
TCGA-55-8506-01Z-00-DX1.A908E3D2-91F7-4DE2-98C9-95D1038B9F49,LUAD,1,TCGA-55-A491-01Z-00-DX1.E5F3B4E5-18EA-4067-AE28-119DABCE739A,LUAD,176.16,✓
TCGA-55-8506-01Z-00-DX1.A908E3D2-91F7-4DE2-98C9-95D1038B9F49,LUAD,2,TCGA-55-6969-01Z-00-DX1.713df9f6-1a91-4e0e-ad43-42e66dcca191,LUAD,182.46,✓
TCGA-55-8506-01Z-00-DX1.A908E3D2-91F7-4DE2-98C9-95D1038B9F49,LUAD,3,TCGA-55-7283-01Z-00-DX1.0f716216-0a46-404e-a4d4-5bb6d7e3f0d1,LUAD,196.50,✓
TCGA-55-8506-01Z-00-DX1.A908E3D2-91F7-4DE2-98C9-95D1038B9F49,LUAD,4,TCGA-55-8092-01Z-00-DX1.04e44341-c4bb-4b0b-965c-7ec83f3877a6,LUAD,197.88,✓
TCGA-55-8506-01Z-00-DX1.A908E3D2-91F7-4DE2-98C9-95D1038B9F49,LUAD,5,TCGA-55-1592-01Z-00-DX1.ee15e261-2f9c-4a93-a19f-27cb1c3bae15,LUAD,206.13,✓
TCGA-55-A491-01Z-00-DX1.E5F3B4E5-18EA-4067-AE28-119DABCE739A,LUAD,1,TCGA-55-1592-01Z-00-DX1.ee15e261-2f9c-4a93-a19f-27cb1c3bae15,LUAD,129.29,✓
TCGA-55-A491-01Z-00-DX1.E5F3B4E5-18EA-4067-AE28-119DABCE739A,LUAD,2,TCGA-55-7283-01Z-00-DX1.0f716216-0a46-404e-a4d4-5bb6d7e3f0d1,LUAD,136.91,✓
TCGA-55-A491-01Z-00-DX1.E5F3B4E5-18EA-4067-AE28-119DABCE739A,LUAD,3,TCGA-55-8092-01Z-00-DX1.04e44341-c4bb-4b0b-965c-7ec83f3877a6,LUAD,139.83,✓
TCGA-55-A491-01Z-00-DX1.E5F3B4E5-18EA-4067-AE28-119DABCE739A,LUAD,4,TCGA-39-5019-01Z-00-DX1.FE0485DE-AEB3-443F-AFCA-C186C336F7EC,LUSC,142.49,✗
TCGA-55-A491-01Z-00-DX1.E5F3B4E5-18EA-4067-AE28-119DABCE739A,LUAD,5,TCGA-55-6969-01Z-00-DX1.713df9f6-1a91-4e0e-ad43-42e66dcca191,LUAD,153.94,✓
TCGA-B4-5377-01Z-00-DX1.E4AA3C18-D6A3-47C5-9FA9-38238F075DAB,KIRC,1,TCGA-B4-5836-01Z-00-DX1.5F2DDC1A-9DA3-46B7-A0B8-E4BBE1658110,KIRC,104.24,✓
TCGA-B4-5377-01Z-00-DX1.E4AA3C18-D6A3-47C5-9FA9-38238F075DAB,KIRC,2,TCGA-B4-5378-01Z-00-DX1.E38DB70A-5A21-48E7-92BA-832F702772D5,KIRC,110.22,✓
TCGA-B4-5377-01Z-00-DX1.E4AA3C18-D6A3-47C5-9FA9-38238F075DAB,KIRC,3,TCGA-B4-5838-01Z-00-DX1.0CC46AA4-5C2C-46FD-9C94-BD96FF287218,KIRC,140.47,✓
TCGA-B4-5377-01Z-00-DX1.E4AA3C18-D6A3-47C5-9FA9-38238F075DAB,KIRC,4,TCGA-B4-5835-01Z-00-DX1.55c88092-9092-4881-a8a1-88dafc0a58be,KIRC,210.05,✓
TCGA-B4-5377-01Z-00-DX1.E4AA3C18-D6A3-47C5-9FA9-38238F075DAB,KIRC,5,TCGA-B4-5832-01Z-00-DX1.0ED42E9A-83D1-4008-B775-A934E06D2629,KIRC,238.80,✓
TCGA-B4-5378-01Z-00-DX1.E38DB70A-5A21-48E7-92BA-832F702772D5,KIRC,1,TCGA-B4-5377-01Z-00-DX1.E4AA3C18-D6A3-47C5-9FA9-38238F075DAB,KIRC,109.22,✓
TCGA-B4-5378-01Z-00-DX1.E38DB70A-5A21-48E7-92BA-832F702772D5,KIRC,2,TCGA-B4-5836-01Z-00-DX1.5F2DDC1A-9DA3-46B7-A0B8-E4BBE1658110,KIRC,129.09,✓
TCGA-B4-5378-01Z-00-DX1.E38DB70A-5A21-48E7-92BA-832F702772D5,KIRC,3,TCGA-B4-5838-01Z-00-DX1.0CC46AA4-5C2C-46FD-9C94-BD96FF287218,KIRC,163.10,✓
TCGA-B4-5378-01Z-00-DX1.E38DB70A-5A21-48E7-92BA-832F702772D5,KIRC,4,TCGA-B4-5835-01Z-00-DX1.55c88092-9092-4881-a8a1-88dafc0a58be,KIRC,226.29,✓
TCGA-B4-5378-01Z-00-DX1.E38DB70A-5A21-48E7-92BA-832F702772D5,KIRC,5,TCGA-B4-5832-01Z-00-DX1.0ED42E9A-83D1-4008-B775-A934E06D2629,KIRC,264.11,✓
TCGA-B4-5832-01Z-00-DX1.0ED42E9A-83D1-4008-B775-A934E06D2629,KIRC,1,TCGA-B4-5835-01Z-00-DX1.55c88092-9092-4881-a8a1-88dafc0a58be,KIRC,171.97,✓
TCGA-B4-5832-01Z-00-DX1.0ED42E9A-83D1-4008-B775-A934E06D2629,KIRC,2,TCGA-B4-5838-01Z-00-DX1.0CC46AA4-5C2C-46FD-9C94-BD96FF287218,KIRC,181.83,✓
TCGA-B4-5832-01Z-00-DX1.0ED42E9A-83D1-4008-B775-A934E06D2629,KIRC,3,TCGA-B4-5836-01Z-00-DX1.5F2DDC1A-9DA3-46B7-A0B8-E4BBE1658110,KIRC,234.06,✓
TCGA-B4-5832-01Z-00-DX1.0ED42E9A-83D1-4008-B775-A934E06D2629,KIRC,4,TCGA-B4-5377-01Z-00-DX1.E4AA3C18-D6A3-47C5-9FA9-38238F075DAB,KIRC,238.80,✓
TCGA-B4-5832-01Z-00-DX1.0ED42E9A-83D1-4008-B775-A934E06D2629,KIRC,5,TCGA-B4-5378-01Z-00-DX1.E38DB70A-5A21-48E7-92BA-832F702772D5,KIRC,263.11,✓
TCGA-B4-5835-01Z-00-DX1.55c88092-9092-4881-a8a1-88dafc0a58be,KIRC,1,TCGA-B4-5838-01Z-00-DX1.0CC46AA4-5C2C-46FD-9C94-BD96FF287218,KIRC,168.11,✓
TCGA-B4-5835-01Z-00-DX1.55c88092-9092-4881-a8a1-88dafc0a58be,KIRC,2,TCGA-B4-5832-01Z-00-DX1.0ED42E9A-83D1-4008-B775-A934E06D2629,KIRC,170.97,✓
TCGA-B4-5835-01Z-00-DX1.55c88092-9092-4881-a8a1-88dafc0a58be,KIRC,3,TCGA-B4-5836-01Z-00-DX1.5F2DDC1A-9DA3-46B7-A0B8-E4BBE1658110,KIRC,197.90,✓
TCGA-B4-5835-01Z-00-DX1.55c88092-9092-4881-a8a1-88dafc0a58be,KIRC,4,TCGA-B4-5377-01Z-00-DX1.E4AA3C18-D6A3-47C5-9FA9-38238F075DAB,KIRC,210.05,✓
TCGA-B4-5835-01Z-00-DX1.55c88092-9092-4881-a8a1-88dafc0a58be,KIRC,5,TCGA-B4-5378-01Z-00-DX1.E38DB70A-5A21-48E7-92BA-832F702772D5,KIRC,225.29,✓
TCGA-B4-5836-01Z-00-DX1.5F2DDC1A-9DA3-46B7-A0B8-E4BBE1658110,KIRC,1,TCGA-B4-5377-01Z-00-DX1.E4AA3C18-D6A3-47C5-9FA9-38238F075DAB,KIRC,103.24,✓
TCGA-B4-5836-01Z-00-DX1.5F2DDC1A-9DA3-46B7-A0B8-E4BBE1658110,KIRC,2,TCGA-B4-5838-01Z-00-DX1.0CC46AA4-5C2C-46FD-9C94-BD96FF287218,KIRC,126.56,✓
TCGA-B4-5836-01Z-00-DX1.5F2DDC1A-9DA3-46B7-A0B8-E4BBE1658110,KIRC,3,TCGA-B4-5378-01Z-00-DX1.E38DB70A-5A21-48E7-92BA-832F702772D5,KIRC,127.09,✓
TCGA-B4-5836-01Z-00-DX1.5F2DDC1A-9DA3-46B7-A0B8-E4BBE1658110,KIRC,4,TCGA-B4-5835-01Z-00-DX1.55c88092-9092-4881-a8a1-88dafc0a58be,KIRC,196.90,✓
TCGA-B4-5836-01Z-00-DX1.5F2DDC1A-9DA3-46B7-A0B8-E4BBE1658110,KIRC,5,TCGA-B4-5832-01Z-00-DX1.0ED42E9A-83D1-4008-B775-A934E06D2629,KIRC,233.06,✓
TCGA-B4-5838-01Z-00-DX1.0CC46AA4-5C2C-46FD-9C94-BD96FF287218,KIRC,1,TCGA-B4-5836-01Z-00-DX1.5F2DDC1A-9DA3-46B7-A0B8-E4BBE1658110,KIRC,127.56,✓
TCGA-B4-5838-01Z-00-DX1.0CC46AA4-5C2C-46FD-9C94-BD96FF287218,KIRC,2,TCGA-B4-5377-01Z-00-DX1.E4AA3C18-D6A3-47C5-9FA9-38238F075DAB,KIRC,140.47,✓
TCGA-B4-5838-01Z-00-DX1.0CC46AA4-5C2C-46FD-9C94-BD96FF287218,KIRC,3,TCGA-B4-5378-01Z-00-DX1.E38DB70A-5A21-48E7-92BA-832F702772D5,KIRC,162.10,✓
TCGA-B4-5838-01Z-00-DX1.0CC46AA4-5C2C-46FD-9C94-BD96FF287218,KIRC,4,TCGA-B4-5835-01Z-00-DX1.55c88092-9092-4881-a8a1-88dafc0a58be,KIRC,167.11,✓
TCGA-B4-5838-01Z-00-DX1.0CC46AA4-5C2C-46FD-9C94-BD96FF287218,KIRC,5,TCGA-B4-5832-01Z-00-DX1.0ED42E9A-83D1-4008-B775-A934E06D2629,KIRC,180.83,✓
TCGA-BH-A0W4-01Z-00-DX1.23E017DC-15CB-4838-AC91-CFB11B932AB0,IDC,1,TCGA-E2-A1IL-01Z-00-DX1.46B6AA99-C7CE-4573-B15D-2C56A708B082,ILC,98.79,✗
TCGA-BH-A0W4-01Z-00-DX1.23E017DC-15CB-4838-AC91-CFB11B932AB0,IDC,2,TCGA-E2-A1IJ-01Z-00-DX1.00093877-7B01-42D3-857C-987BC1F604A3,ILC,112.16,✗
TCGA-BH-A0W4-01Z-00-DX1.23E017DC-15CB-4838-AC91-CFB11B932AB0,IDC,3,TCGA-E2-A576-01Z-00-DX1.2E045763-7EB0-48F5-8C47-E4B84287D739,ILC,116.25,✗
TCGA-BH-A0W4-01Z-00-DX1.23E017DC-15CB-4838-AC91-CFB11B932AB0,IDC,4,TCGA-E2-A1L8-01Z-00-DX1.842BF73D-2D64-4ABA-880D-DBE8F4C2AA19,ILC,116.40,✗
TCGA-BH-A0W4-01Z-00-DX1.23E017DC-15CB-4838-AC91-CFB11B932AB0,IDC,5,TCGA-BH-A1F2-01Z-00-DX1.17E2FD6F-0DCF-425B-864B-21ADCDAE734B,IDC,131.04,✓
TCGA-BH-A18R-01Z-00-DX1.07E6FA7F-5072-4327-9982-A40F010B7532,IDC,1,TCGA-BH-A1ET-01Z-00-DX1.05C126CD-CC10-44BF-9A68-6CDDE97272B2,IDC,123.81,✓
TCGA-BH-A18R-01Z-00-DX1.07E6FA7F-5072-4327-9982-A40F010B7532,IDC,2,TCGA-E2-A1IJ-01Z-00-DX1.00093877-7B01-42D3-857C-987BC1F604A3,ILC,127.27,✗
TCGA-BH-A18R-01Z-00-DX1.07E6FA7F-5072-4327-9982-A40F010B7532,IDC,3,TCGA-E2-A1IL-01Z-00-DX1.46B6AA99-C7CE-4573-B15D-2C56A708B082,ILC,135.98,✗
TCGA-BH-A18R-01Z-00-DX1.07E6FA7F-5072-4327-9982-A40F010B7532,IDC,4,TCGA-E2-A1L8-01Z-00-DX1.842BF73D-2D64-4ABA-880D-DBE8F4C2AA19,ILC,136.48,✗
TCGA-BH-A18R-01Z-00-DX1.07E6FA7F-5072-4327-9982-A40F010B7532,IDC,5,TCGA-E2-A576-01Z-00-DX1.2E045763-7EB0-48F5-8C47-E4B84287D739,ILC,141.16,✗
TCGA-BH-A1ET-01Z-00-DX1.05C126CD-CC10-44BF-9A68-6CDDE97272B2,IDC,1,TCGA-BH-A1F2-01Z-00-DX1.17E2FD6F-0DCF-425B-864B-21ADCDAE734B,IDC,96.52,✓
TCGA-BH-A1ET-01Z-00-DX1.05C126CD-CC10-44BF-9A68-6CDDE97272B2,IDC,2,TCGA-BH-A1EX-01Z-00-DX1.16B6A817-6729-446E-9FCF-A4A333C5295D,IDC,101.20,✓
TCGA-BH-A1ET-01Z-00-DX1.05C126CD-CC10-44BF-9A68-6CDDE97272B2,IDC,3,TCGA-E2-A1IL-01Z-00-DX1.46B6AA99-C7CE-4573-B15D-2C56A708B082,ILC,108.52,✗
TCGA-BH-A1ET-01Z-00-DX1.05C126CD-CC10-44BF-9A68-6CDDE97272B2,IDC,4,TCGA-E2-A1IJ-01Z-00-DX1.00093877-7B01-42D3-857C-987BC1F604A3,ILC,108.66,✗
TCGA-BH-A1ET-01Z-00-DX1.05C126CD-CC10-44BF-9A68-6CDDE97272B2,IDC,5,TCGA-E2-A1L8-01Z-00-DX1.842BF73D-2D64-4ABA-880D-DBE8F4C2AA19,ILC,114.94,✗
TCGA-BH-A1EX-01Z-00-DX1.16B6A817-6729-446E-9FCF-A4A333C5295D,IDC,1,TCGA-BH-A1F2-01Z-00-DX1.17E2FD6F-0DCF-425B-864B-21ADCDAE734B,IDC,97.06,✓
TCGA-BH-A1EX-01Z-00-DX1.16B6A817-6729-446E-9FCF-A4A333C5295D,IDC,2,TCGA-BH-A1ET-01Z-00-DX1.05C126CD-CC10-44BF-9A68-6CDDE97272B2,IDC,102.20,✓
TCGA-BH-A1EX-01Z-00-DX1.16B6A817-6729-446E-9FCF-A4A333C5295D,IDC,3,TCGA-E2-A1IJ-01Z-00-DX1.00093877-7B01-42D3-857C-987BC1F604A3,ILC,135.85,✗
TCGA-BH-A1EX-01Z-00-DX1.16B6A817-6729-446E-9FCF-A4A333C5295D,IDC,4,TCGA-E2-A1IL-01Z-00-DX1.46B6AA99-C7CE-4573-B15D-2C56A708B082,ILC,139.21,✗
TCGA-BH-A1EX-01Z-00-DX1.16B6A817-6729-446E-9FCF-A4A333C5295D,IDC,5,TCGA-BH-A0W4-01Z-00-DX1.23E017DC-15CB-4838-AC91-CFB11B932AB0,IDC,146.25,✓
TCGA-BH-A1F2-01Z-00-DX1.17E2FD6F-0DCF-425B-864B-21ADCDAE734B,IDC,1,TCGA-BH-A1EX-01Z-00-DX1.16B6A817-6729-446E-9FCF-A4A333C5295D,IDC,97.06,✓
TCGA-BH-A1F2-01Z-00-DX1.17E2FD6F-0DCF-425B-864B-21ADCDAE734B,IDC,2,TCGA-BH-A1ET-01Z-00-DX1.05C126CD-CC10-44BF-9A68-6CDDE97272B2,IDC,97.52,✓
TCGA-BH-A1F2-01Z-00-DX1.17E2FD6F-0DCF-425B-864B-21ADCDAE734B,IDC,3,TCGA-E2-A1L8-01Z-00-DX1.842BF73D-2D64-4ABA-880D-DBE8F4C2AA19,ILC,121.78,✗
TCGA-BH-A1F2-01Z-00-DX1.17E2FD6F-0DCF-425B-864B-21ADCDAE734B,IDC,4,TCGA-E2-A1IJ-01Z-00-DX1.00093877-7B01-42D3-857C-987BC1F604A3,ILC,122.34,✗
TCGA-BH-A1F2-01Z-00-DX1.17E2FD6F-0DCF-425B-864B-21ADCDAE734B,IDC,5,TCGA-E2-A1IL-01Z-00-DX1.46B6AA99-C7CE-4573-B15D-2C56A708B082,ILC,127.56,✗
TCGA-BH-A42V-01Z-00-DX1.B6D78256-05D1-45FA-826A-1B8554D60B7D,IDC,1,TCGA-BH-A18R-01Z-00-DX1.07E6FA7F-5072-4327-9982-A40F010B7532,IDC,152.30,✓
TCGA-BH-A42V-01Z-00-DX1.B6D78256-05D1-45FA-826A-1B8554D60B7D,IDC,2,TCGA-BH-A0W4-01Z-00-DX1.23E017DC-15CB-4838-AC91-CFB11B932AB0,IDC,178.99,✓
TCGA-BH-A42V-01Z-00-DX1.B6D78256-05D1-45FA-826A-1B8554D60B7D,IDC,3,TCGA-BH-A1ET-01Z-00-DX1.05C126CD-CC10-44BF-9A68-6CDDE97272B2,IDC,191.84,✓
TCGA-BH-A42V-01Z-00-DX1.B6D78256-05D1-45FA-826A-1B8554D60B7D,IDC,4,TCGA-E2-A2P5-01Z-00-DX1.375B5E5D-D8D0-425C-9163-6DF26E31BBE1,ILC,194.04,✗
TCGA-BH-A42V-01Z-00-DX1.B6D78256-05D1-45FA-826A-1B8554D60B7D,IDC,5,TCGA-BH-A1EX-01Z-00-DX1.16B6A817-6729-446E-9FCF-A4A333C5295D,IDC,196.06,✓
TCGA-E2-A1B5-01Z-00-DX1.AB19FF3D-5C42-4D49-ABEA-D2315709B6EA,ILC,1,TCGA-E2-A2P5-01Z-00-DX1.375B5E5D-D8D0-425C-9163-6DF26E31BBE1,ILC,114.09,✓
TCGA-E2-A1B5-01Z-00-DX1.AB19FF3D-5C42-4D49-ABEA-D2315709B6EA,ILC,2,TCGA-BH-A0W4-01Z-00-DX1.23E017DC-15CB-4838-AC91-CFB11B932AB0,IDC,136.76,✗
TCGA-E2-A1B5-01Z-00-DX1.AB19FF3D-5C42-4D49-ABEA-D2315709B6EA,ILC,3,TCGA-E2-A1IJ-01Z-00-DX1.00093877-7B01-42D3-857C-987BC1F604A3,ILC,138.90,✓
TCGA-E2-A1B5-01Z-00-DX1.AB19FF3D-5C42-4D49-ABEA-D2315709B6EA,ILC,4,TCGA-E2-A576-01Z-00-DX1.2E045763-7EB0-48F5-8C47-E4B84287D739,ILC,146.91,✓
TCGA-E2-A1B5-01Z-00-DX1.AB19FF3D-5C42-4D49-ABEA-D2315709B6EA,ILC,5,TCGA-BH-A1F2-01Z-00-DX1.17E2FD6F-0DCF-425B-864B-21ADCDAE734B,IDC,148.94,✗
TCGA-E2-A1IJ-01Z-00-DX1.00093877-7B01-42D3-857C-987BC1F604A3,ILC,1,TCGA-E2-A1IL-01Z-00-DX1.46B6AA99-C7CE-4573-B15D-2C56A708B082,ILC,61.73,✓
TCGA-E2-A1IJ-01Z-00-DX1.00093877-7B01-42D3-857C-987BC1F604A3,ILC,2,TCGA-E2-A1L8-01Z-00-DX1.842BF73D-2D64-4ABA-880D-DBE8F4C2AA19,ILC,86.57,✓
TCGA-E2-A1IJ-01Z-00-DX1.00093877-7B01-42D3-857C-987BC1F604A3,ILC,3,TCGA-BH-A1ET-01Z-00-DX1.05C126CD-CC10-44BF-9A68-6CDDE97272B2,IDC,109.66,✗
TCGA-E2-A1IJ-01Z-00-DX1.00093877-7B01-42D3-857C-987BC1F604A3,ILC,4,TCGA-BH-A0W4-01Z-00-DX1.23E017DC-15CB-4838-AC91-CFB11B932AB0,IDC,112.16,✗
TCGA-E2-A1IJ-01Z-00-DX1.00093877-7B01-42D3-857C-987BC1F604A3,ILC,5,TCGA-E2-A576-01Z-00-DX1.2E045763-7EB0-48F5-8C47-E4B84287D739,ILC,117.14,✓
TCGA-E2-A1IL-01Z-00-DX1.46B6AA99-C7CE-4573-B15D-2C56A708B082,ILC,1,TCGA-E2-A1IJ-01Z-00-DX1.00093877-7B01-42D3-857C-987BC1F604A3,ILC,61.73,✓
TCGA-E2-A1IL-01Z-00-DX1.46B6AA99-C7CE-4573-B15D-2C56A708B082,ILC,2,TCGA-E2-A1L8-01Z-00-DX1.842BF73D-2D64-4ABA-880D-DBE8F4C2AA19,ILC,86.98,✓
TCGA-E2-A1IL-01Z-00-DX1.46B6AA99-C7CE-4573-B15D-2C56A708B082,ILC,3,TCGA-E2-A576-01Z-00-DX1.2E045763-7EB0-48F5-8C47-E4B84287D739,ILC,96.01,✓
TCGA-E2-A1IL-01Z-00-DX1.46B6AA99-C7CE-4573-B15D-2C56A708B082,ILC,4,TCGA-BH-A0W4-01Z-00-DX1.23E017DC-15CB-4838-AC91-CFB11B932AB0,IDC,98.79,✗
TCGA-E2-A1IL-01Z-00-DX1.46B6AA99-C7CE-4573-B15D-2C56A708B082,ILC,5,TCGA-BH-A1ET-01Z-00-DX1.05C126CD-CC10-44BF-9A68-6CDDE97272B2,IDC,108.52,✗
TCGA-E2-A1L8-01Z-00-DX1.842BF73D-2D64-4ABA-880D-DBE8F4C2AA19,ILC,1,TCGA-E2-A1IJ-01Z-00-DX1.00093877-7B01-42D3-857C-987BC1F604A3,ILC,86.57,✓
TCGA-E2-A1L8-01Z-00-DX1.842BF73D-2D64-4ABA-880D-DBE8F4C2AA19,ILC,2,TCGA-E2-A1IL-01Z-00-DX1.46B6AA99-C7CE-4573-B15D-2C56A708B082,ILC,87.98,✓
TCGA-E2-A1L8-01Z-00-DX1.842BF73D-2D64-4ABA-880D-DBE8F4C2AA19,ILC,3,TCGA-BH-A1ET-01Z-00-DX1.05C126CD-CC10-44BF-9A68-6CDDE97272B2,IDC,115.94,✗
TCGA-E2-A1L8-01Z-00-DX1.842BF73D-2D64-4ABA-880D-DBE8F4C2AA19,ILC,4,TCGA-E2-A576-01Z-00-DX1.2E045763-7EB0-48F5-8C47-E4B84287D739,ILC,116.22,✓
TCGA-E2-A1L8-01Z-00-DX1.842BF73D-2D64-4ABA-880D-DBE8F4C2AA19,ILC,5,TCGA-BH-A0W4-01Z-00-DX1.23E017DC-15CB-4838-AC91-CFB11B932AB0,IDC,116.40,✗
TCGA-E2-A2P5-01Z-00-DX1.375B5E5D-D8D0-425C-9163-6DF26E31BBE1,ILC,1,TCGA-E2-A1B5-01Z-00-DX1.AB19FF3D-5C42-4D49-ABEA-D2315709B6EA,ILC,115.09,✓
TCGA-E2-A2P5-01Z-00-DX1.375B5E5D-D8D0-425C-9163-6DF26E31BBE1,ILC,2,TCGA-E2-A1L8-01Z-00-DX1.842BF73D-2D64-4ABA-880D-DBE8F4C2AA19,ILC,157.52,✓
TCGA-E2-A2P5-01Z-00-DX1.375B5E5D-D8D0-425C-9163-6DF26E31BBE1,ILC,3,TCGA-BH-A1F2-01Z-00-DX1.17E2FD6F-0DCF-425B-864B-21ADCDAE734B,IDC,158.38,✗
TCGA-E2-A2P5-01Z-00-DX1.375B5E5D-D8D0-425C-9163-6DF26E31BBE1,ILC,4,TCGA-E2-A1IJ-01Z-00-DX1.00093877-7B01-42D3-857C-987BC1F604A3,ILC,163.45,✓
TCGA-E2-A2P5-01Z-00-DX1.375B5E5D-D8D0-425C-9163-6DF26E31BBE1,ILC,5,TCGA-BH-A0W4-01Z-00-DX1.23E017DC-15CB-4838-AC91-CFB11B932AB0,IDC,166.74,✗
TCGA-E2-A576-01Z-00-DX1.2E045763-7EB0-48F5-8C47-E4B84287D739,ILC,1,TCGA-E2-A1IL-01Z-00-DX1.46B6AA99-C7CE-4573-B15D-2C56A708B082,ILC,97.01,✓
TCGA-E2-A576-01Z-00-DX1.2E045763-7EB0-48F5-8C47-E4B84287D739,ILC,2,TCGA-E2-A1L8-01Z-00-DX1.842BF73D-2D64-4ABA-880D-DBE8F4C2AA19,ILC,116.22,✓
TCGA-E2-A576-01Z-00-DX1.2E045763-7EB0-48F5-8C47-E4B84287D739,ILC,3,TCGA-BH-A0W4-01Z-00-DX1.23E017DC-15CB-4838-AC91-CFB11B932AB0,IDC,117.25,✗
TCGA-E2-A576-01Z-00-DX1.2E045763-7EB0-48F5-8C47-E4B84287D739,ILC,4,TCGA-E2-A1IJ-01Z-00-DX1.00093877-7B01-42D3-857C-987BC1F604A3,ILC,118.14,✓
TCGA-E2-A576-01Z-00-DX1.2E045763-7EB0-48F5-8C47-E4B84287D739,ILC,5,TCGA-BH-A18R-01Z-00-DX1.07E6FA7F-5072-4327-9982-A40F010B7532,IDC,141.16,✗
